01,Thorvald,Mastrantone,tmastrantone0@army.mil,M
2,Dickie,Natwick,dnatwick1@cdc.gov,M
3,Guss,Denne,gdenne2@wordpress.org,M
5,Marven,Emig,memig4@irs.gov,M
7,Abrahan,Muddiman,amuddiman6@scribd.com,M
8,Vinny,Poulsum,vpoulsum7@wsj.com,M
9,Anselm,Liebmann,aliebmann8@skype.com,M
10,Isidro,McClinton,imcclinton9@bizjournals.com,M
12,Patric,Ruckledge,pruckledgeb@t.co,M
13,Guglielmo,Vasichev,gvasichevc@biglobe.ne.jp,M
14,Ricardo,Chattelaine,rchattelained@springer.com,M
16,Arie,Ballister,aballisterf@list-manage.com,M
17,Quillan,Leitch,qleitchg@unc.edu,M
19,Andrej,Zamorrano,azamorranoi@reverbnation.com,M
21,Madison,Billison,mbillisonk@nbcnews.com,M
23,Cullin,Franceschino,cfranceschinom@bandcamp.com,M
26,Edik,Greson,egresonp@rakuten.co.jp,M
28,Prentiss,Faulder,pfaulderr@ustream.tv,M
29,Sanson,Kirkham,skirkhams@vimeo.com,M
30,Harley,Bowler,hbowlert@ted.com,M
31,Vernon,Sillars,vsillarsu@soundcloud.com,M
34,Tallie,Crouch,tcrouchx@nytimes.com,M
35,Christie,Woolfenden,cwoolfendeny@facebook.com,M
40,Omar,MacCallum,omaccallum13@economist.com,M
43,Dimitri,Phare,dphare16@webnode.com,M
44,Jamie,Gash,jgash17@nhs.uk,M
45,Tom,Rubica,trubica18@merriam-webster.com,M
47,Mayer,Goldfinch,mgoldfinch1a@godaddy.com,M
49,Lucius,Zarfai,lzarfai1c@google.es,M
50,Terry,Brownill,tbrownill1d@blogs.com,M
53,Ty,Yeowell,tyeowell1g@wunderground.com,M
54,Maximilien,Garnsworth,mgarnsworth1h@dot.gov,M
56,Sigvard,Belamy,sbelamy1j@so-net.ne.jp,M
60,Gerhard,Choppin,gchoppin1n@meetup.com,M
62,Skye,Sowten,ssowten1p@pcworld.com,M
63,Stephan,Richmont,srichmont1q@spiegel.de,M
65,Marten,Huddy,mhuddy1s@yellowbook.com,M
66,Nicolas,Hazeltine,nhazeltine1t@bravesites.com,M
67,Kahaleel,Metschke,kmetschke1u@google.nl,M
68,Abelard,Ferrieri,aferrieri1v@issuu.com,M
69,Torrey,Davio,tdavio1w@surveymonkey.com,M
72,Aguistin,Thorndycraft,athorndycraft1z@apple.com,M
75,Ellary,Messom,emessom22@furl.net,M
77,Archaimbaud,Ivic,aivic24@tmall.com,M
78,Pernell,Dukes,pdukes25@census.gov,M
79,Wyndham,Cumpsty,wcumpsty26@goodreads.com,M
83,Nickolai,Myhan,nmyhan2a@istockphoto.com,M
84,Filmer,Faircliff,ffaircliff2b@elegantthemes.com,M
85,Jarred,Dibley,jdibley2c@google.ca,M
88,Perceval,Heimes,pheimes2f@usatoday.com,M
89,Shawn,Campbell-Dunlop,scampbelldunlop2g@biblegateway.com,M
92,Camey,Szwarc,cszwarc2j@illinois.edu,M
94,Lukas,Mummery,lmummery2l@google.ru,M
96,Oliviero,Corde,ocorde2n@skype.com,M
99,Pennie,Dener,pdener2q@illinois.edu,M
108,Farley,Yeell,fyeell2z@foxnews.com,M
109,Bogey,Rookesby,brookesby30@icq.com,M
110,Rayner,Philp,rphilp31@cafepress.com,M
114,Zane,Snelling,zsnelling35@ucoz.ru,M
115,Alfy,Filipputti,afilipputti36@youtu.be,M
116,Kristoforo,Ashington,kashington37@hp.com,M
118,Lorens,Danihelka,ldanihelka39@yahoo.com,M
121,Mahmud,Antonowicz,mantonowicz3c@usatoday.com,M
123,Reinaldos,Rignold,rrignold3e@msu.edu,M
124,Read,Tosney,rtosney3f@zimbio.com,M
128,Caryl,Frigout,cfrigout3j@dailymotion.com,M
129,Cammy,Crank,ccrank3k@digg.com,M
133,Stacee,Moralee,smoralee3o@wired.com,M
134,Saw,Baumer,sbaumer3p@desdev.cn,M
136,Vick,Featenby,vfeatenby3r@oakley.com,M
137,Nicko,Britnell,nbritnell3s@narod.ru,M
143,Clemens,Trineman,ctrineman3y@msn.com,M
144,Siward,Message,smessage3z@abc.net.au,M
145,Baryram,Kellett,bkellett40@tripadvisor.com,M
146,Carny,Millership,cmillership41@dyndns.org,M
148,Guillermo,Weedenburg,gweedenburg43@wix.com,M
149,Vern,O' Reagan,voreagan44@ning.com,M
151,Ebeneser,Firebrace,efirebrace46@ameblo.jp,M
153,Obediah,De Brett,odebrett48@seesaa.net,M
154,Kevan,Youles,kyoules49@aboutads.info,M
156,Kile,Wallbanks,kwallbanks4b@scribd.com,M
157,Barret,McGinley,bmcginley4c@mashable.com,M
159,Alec,Bolus,abolus4e@technorati.com,M
160,Terence,Belle,tbelle4f@washingtonpost.com,M
161,Piotr,Streeten,pstreeten4g@princeton.edu,M
163,Llywellyn,Terrans,lterrans4i@friendfeed.com,M
164,Hillel,Youngs,hyoungs4j@weebly.com,M
165,Rey,Nottle,rnottle4k@hao123.com,M
166,Dick,Semens,dsemens4l@livejournal.com,M
167,Goddard,Vinecombe,gvinecombe4m@ezinearticles.com,M
169,Quincy,Buncom,qbuncom4o@skyrock.com,M
170,Norbert,Maryska,nmaryska4p@mapy.cz,M
175,Aluin,Gotter,agotter4u@wikimedia.org,M
176,Shellysheldon,Criag,scriag4v@ucoz.ru,M
180,Hodge,Redhead,hredhead4z@microsoft.com,M
182,Brandyn,Lochet,blochet51@dell.com,M
185,Merrel,Bert,mbert54@posterous.com,M
187,Grantham,Gaitone,ggaitone56@hc360.com,M
188,Donnie,Atchly,datchly57@taobao.com,M
189,Lind,Holburn,lholburn58@shop-pro.jp,M
191,Gaby,Jochen,gjochen5a@ucla.edu,M
192,Edd,Toye,etoye5b@elpais.com,M
194,Heriberto,De Simoni,hdesimoni5d@odnoklassniki.ru,M
196,Hayward,Greated,hgreated5f@wsj.com,M
200,Farrel,Yerill,fyerill5j@flickr.com,M
201,Sergio,Mickan,smickan5k@artisteer.com,M
202,Svend,Sealey,ssealey5l@about.com,M
203,Neville,Jezard,njezard5m@ucoz.ru,M
206,Rowen,Le Huquet,rlehuquet5p@shareasale.com,M
208,Thaxter,Meys,tmeys5r@bandcamp.com,M
209,Paxton,Crosfield,pcrosfield5s@youtube.com,M
210,Hoyt,Palmby,hpalmby5t@nature.com,M
213,Quint,Hawket,qhawket5w@instagram.com,M
214,Woodie,Westmoreland,wwestmoreland5x@edublogs.org,M
217,Granny,Flatley,gflatley60@alexa.com,M
220,Gianni,Taudevin,gtaudevin63@1688.com,M
223,Bern,Pargent,bpargent66@google.ca,M
225,Oberon,Queenborough,oqueenborough68@blinklist.com,M
226,Arther,Abrahami,aabrahami69@icio.us,M
227,Thatch,Red,tred6a@apple.com,M
228,Dennie,Duffer,dduffer6b@hc360.com,M
229,Patsy,Orrey,porrey6c@freewebs.com,M
231,Wolfy,Poulgreen,wpoulgreen6e@china.com.cn,M
233,Emanuele,Mountain,emountain6g@weather.com,M
235,Perren,Kemetz,pkemetz6i@boston.com,M
238,Kaleb,Mallya,kmallya6l@noaa.gov,M
239,Cortie,Braker,cbraker6m@cdbaby.com,M
243,Sunny,Renac,srenac6q@t-online.de,M
244,Allen,Muldownie,amuldownie6r@lulu.com,M
247,Anson,Guillou,aguillou6u@ucoz.com,M
248,Pip,Piolli,ppiolli6v@sourceforge.net,M
250,Nefen,Picheford,npicheford6x@about.com,M
251,Bartholomeo,Ludman,bludman6y@opensource.org,M
253,Mickey,Chiplin,mchiplin70@walmart.com,M
254,Kerby,Rosewall,krosewall71@mapy.cz,M
255,Alphard,Kinchley,akinchley72@privacy.gov.au,M
257,Chaim,Sudworth,csudworth74@forbes.com,M
258,Dag,Eglin,deglin75@shop-pro.jp,M
261,Seumas,Flancinbaum,sflancinbaum78@foxnews.com,M
262,Vergil,Embra,vembra79@dedecms.com,M
263,Perceval,Claypool,pclaypool7a@t-online.de,M
266,Linoel,Stenyng,lstenyng7d@pinterest.com,M
269,Ingelbert,Kelemen,ikelemen7g@ox.ac.uk,M
271,Maxim,Paula,mpaula7i@livejournal.com,M
273,Beale,Crampin,bcrampin7k@state.gov,M
276,Teddy,Dumbrill,tdumbrill7n@sogou.com,M
278,Roderigo,Mettricke,rmettricke7p@psu.edu,M
279,Adamo,Raubheim,araubheim7q@newyorker.com,M
281,Stanislaus,Swiggs,sswiggs7s@umich.edu,M
282,Hoyt,Rosenblatt,hrosenblatt7t@un.org,M
283,Johnathon,Peffer,jpeffer7u@prlog.org,M
285,Normand,Sivell,nsivell7w@smh.com.au,M
286,Morly,Pillans,mpillans7x@usnews.com,M
291,Kelvin,Dilloway,kdilloway82@paginegialle.it,M
293,Ali,Chichgar,achichgar84@reddit.com,M
296,Isidor,Feehery,ifeehery87@time.com,M
297,Dieter,Lobell,dlobell88@usgs.gov,M
300,Karlik,Sheryn,ksheryn8b@blinklist.com,M
302,Claudianus,Klaiser,cklaiser8d@xinhuanet.com,M
304,Denver,Griffithe,dgriffithe8f@soundcloud.com,M
306,Jonah,Berrisford,jberrisford8h@wsj.com,M
309,Berny,Chese,bchese8k@gizmodo.com,M
310,Javier,Brightey,jbrightey8l@jimdo.com,M
314,Tadd,Anfossi,tanfossi8p@oakley.com,M
315,Aron,Veal,aveal8q@state.gov,M
318,Sheffie,Saiger,ssaiger8t@twitpic.com,M
321,Nolly,Hawley,nhawley8w@wix.com,M
322,Vaughn,Gandy,vgandy8x@goo.gl,M
323,Hailey,Hauger,hhauger8y@marketwatch.com,M
325,Truman,Hearmon,thearmon90@youtu.be,M
327,Rowney,Solland,rsolland92@amazon.com,M
331,Ric,Ehlerding,rehlerding96@xrea.com,M
332,Alexander,Ballance,aballance97@pen.io,M
336,Fred,Bartozzi,fbartozzi9b@jugem.jp,M
338,Angelico,Cureton,acureton9d@vk.com,M
341,Gaspard,Kirvin,gkirvin9g@msn.com,M
343,Jo,Tewnion,jtewnion9i@webmd.com,M
344,Fran,Dusting,fdusting9j@privacy.gov.au,M
349,Giacomo,Frostdick,gfrostdick9o@friendfeed.com,M
357,Colver,McCumesky,cmccumesky9w@tinypic.com,M
358,Adan,Millhouse,amillhouse9x@ihg.com,M
359,Ernestus,Roels,eroels9y@xinhuanet.com,M
362,Ansel,Late,alatea1@utexas.edu,M
363,Beauregard,Rosenbloom,brosenblooma2@apple.com,M
366,Brendon,Wesson,bwessona5@cocolog-nifty.com,M
371,Rolph,Oxton,roxtonaa@stanford.edu,M
372,Fin,Ketteman,fkettemanab@sfgate.com,M
374,Koenraad,Marle,kmarlead@a8.net,M
378,Etienne,Wloch,ewlochah@liveinternet.ru,M
380,Ikey,Jezzard,ijezzardaj@accuweather.com,M
382,Ted,Brewood,tbrewoodal@bbc.co.uk,M
384,Templeton,Crossingham,tcrossinghaman@nationalgeographic.com,M
386,Jacob,Molyneux,jmolyneuxap@linkedin.com,M
388,Mathe,Hemphrey,mhemphreyar@shop-pro.jp,M
390,Rowan,Stelfox,rstelfoxat@netscape.com,M
392,Corby,Kleen,ckleenav@biglobe.ne.jp,M
393,Page,Bakewell,pbakewellaw@cdbaby.com,M
394,Gabie,Gray,ggrayax@fda.gov,M
395,Chevalier,Kyttor,ckyttoray@oakley.com,M
397,Kiley,Liptrod,kliptrodb0@typepad.com,M
400,Paten,Stollsteimer,pstollsteimerb3@newyorker.com,M
407,Aube,Leynham,aleynhamba@blogtalkradio.com,M
408,Ravid,Mensler,rmenslerbb@ucoz.com,M
411,Bartram,Roots,brootsbe@arstechnica.com,M
413,Axe,Hoggan,ahogganbg@simplemachines.org,M
414,Skippie,Goodhay,sgoodhaybh@sina.com.cn,M
415,Kareem,Hutchcraft,khutchcraftbi@cmu.edu,M
416,Vale,Waghorne,vwaghornebj@simplemachines.org,M
418,Evan,Kobus,ekobusbl@wufoo.com,M
419,Abbey,Gurden,agurdenbm@shinystat.com,M
420,Shem,Ducker,sduckerbn@google.ru,M
423,Reinaldos,Geroldini,rgeroldinibq@phoca.cz,M
424,Herbert,McCrystal,hmccrystalbr@salon.com,M
425,Josh,Dee,jdeebs@bbb.org,M
426,Hadrian,Oehm,hoehmbt@newsvine.com,M
428,Lev,Barcroft,lbarcroftbv@utexas.edu,M
429,Dunn,Caban,dcabanbw@furl.net,M
430,Trever,D'Costa,tdcostabx@zdnet.com,M
432,Gaston,Ripper,gripperbz@un.org,M
438,Jere,Peck,jpeckc5@tmall.com,M
444,Phil,Marshman,pmarshmancb@narod.ru,M
445,Ralph,Patington,rpatingtoncc@freewebs.com,M
447,Lyman,Turrill,lturrillce@hp.com,M
450,Rriocard,Jollands,rjollandsch@aol.com,M
462,Sayres,Novic,snovicct@xing.com,M
464,Leonerd,Addenbrooke,laddenbrookecv@seesaa.net,M
465,Yancy,Begwell,ybegwellcw@nasa.gov,M
468,Ron,Bault,rbaultcz@examiner.com,M
469,Jamil,Lowndesbrough,jlowndesbroughd0@seattletimes.com,M
473,Marwin,Gayle,mgayled4@netlog.com,M
474,Barrett,Cheltnam,bcheltnamd5@va.gov,M
475,Lindsay,Matignon,lmatignond6@jiathis.com,M
476,Asher,Point,apointd7@wikispaces.com,M
478,Goddard,Woodington,gwoodingtond9@taobao.com,M
479,Simon,Seathwright,sseathwrightda@mtv.com,M
481,Gasparo,Wain,gwaindc@ocn.ne.jp,M
484,Stanislas,Sonner,ssonnerdf@arizona.edu,M
486,Innis,Freiburger,ifreiburgerdh@google.fr,M
491,Eberhard,Peggs,epeggsdm@elpais.com,M
493,Ivan,Lewerenz,ilewerenzdo@nyu.edu,M
494,Iain,Pollard,ipollarddp@spotify.com,M
495,Peirce,Clixby,pclixbydq@list-manage.com,M
496,Howard,Daubney,hdaubneydr@un.org,M
497,Coleman,Crinage,ccrinageds@oracle.com,M
500,Homer,Antonignetti,hantonignettidv@earthlink.net,M
502,Gamaliel,Szymoni,gszymonidx@barnesandnoble.com,M
504,Ase,Eggerton,aeggertondz@discovery.com,M
505,Edsel,Cruikshanks,ecruikshankse0@about.com,M
506,Nap,Redler,nredlere1@cafepress.com,M
509,Itch,Scurlock,iscurlocke4@telegraph.co.uk,M
512,Orville,Brain,obraine7@mapquest.com,M
515,Ludvig,Coaten,lcoatenea@ucsd.edu,M
516,Darnell,Lawlie,dlawlieeb@webmd.com,M
518,Gill,Costley,gcostleyed@answers.com,M
520,Homer,Petley,hpetleyef@comsenz.com,M
523,Paulie,Easseby,peassebyei@usda.gov,M
524,Taddeusz,Blaschek,tblaschekej@who.int,M
526,Dunstan,Sorton,dsortonel@dedecms.com,M
527,Boonie,McBrady,bmcbradyem@parallels.com,M
531,Ludovico,Powles,lpowleseq@howstuffworks.com,M
532,Dannel,Billison,dbillisoner@taobao.com,M
533,Miguel,Pelman,mpelmanes@wikipedia.org,M
534,Hector,Segges,hseggeset@chron.com,M
535,Land,Cammacke,lcammackeeu@etsy.com,M
536,Taber,Draycott,tdraycottev@toplist.cz,M
537,Ephrem,Lovitt,elovittew@prlog.org,M
539,Meade,Durnell,mdurnelley@moonfruit.com,M
541,Royal,Buzine,rbuzinef0@photobucket.com,M
542,Nahum,Berrigan,nberriganf1@phpbb.com,M
544,Washington,Graser,wgraserf3@topsy.com,M
545,Nester,Moultrie,nmoultrief4@google.com.hk,M
546,Ivan,Torresi,itorresif5@list-manage.com,M
548,Phillip,Ausiello,pausiellof7@cpanel.net,M
554,Say,Goodlet,sgoodletfd@google.es,M
557,Wilmer,Wank,wwankfg@jalbum.net,M
562,Marchall,Archibould,marchibouldfl@smh.com.au,M
565,Lalo,Yankov,lyankovfo@paypal.com,M
570,Allen,Fontaine,afontaineft@bravesites.com,M
573,Neil,Goldson,ngoldsonfw@g.co,M
576,Lamar,O'Ferris,loferrisfz@gizmodo.com,M
578,Pete,Parks,pparksg1@prweb.com,M
579,Cooper,Ludford,cludfordg2@spiegel.de,M
581,Oberon,Style,ostyleg4@dailymail.co.uk,M
583,Marlon,O'Dooghaine,modooghaineg6@goodreads.com,M
590,Mikael,Amys,mamysgd@uiuc.edu,M
593,Jehu,Berlin,jberlingg@accuweather.com,M
594,Antonius,Labram,alabramgh@dagondesign.com,M
595,Chip,Whitemarsh,cwhitemarshgi@reuters.com,M
596,Morgun,Stewartson,mstewartsongj@fotki.com,M
597,Brennen,Foxley,bfoxleygk@is.gd,M
600,Dorie,Hanshaw,dhanshawgn@jigsy.com,M
602,Kevin,Kinver,kkinvergp@webeden.co.uk,M
603,Maddy,Chrisp,mchrispgq@woothemes.com,M
608,Mackenzie,Soughton,msoughtongv@rediff.com,M
611,Ennis,Greatbanks,egreatbanksgy@gmpg.org,M
612,Nathanial,Andrassy,nandrassygz@theguardian.com,M
613,Redd,Ambrose,rambroseh0@bloomberg.com,M
614,Michale,Brealey,mbrealeyh1@slideshare.net,M
615,Baudoin,Bartelet,bbarteleth2@ameblo.jp,M
617,Berk,Goodwill,bgoodwillh4@1und1.de,M
619,Rancell,Stillgoe,rstillgoeh6@ameblo.jp,M
624,Erroll,Edwicke,eedwickehb@slideshare.net,M
625,Paulie,Dowrey,pdowreyhc@goodreads.com,M
626,Kenneth,Earlam,kearlamhd@booking.com,M
629,Abby,Baughan,abaughanhg@apple.com,M
632,Lucais,Niles,lnileshj@bloglines.com,M
634,Rogerio,Halwill,rhalwillhl@who.int,M
635,Ronald,Podbury,rpodburyhm@tripadvisor.com,M
636,Natty,Sterley,nsterleyhn@china.com.cn,M
637,Alvan,Carsberg,acarsbergho@google.fr,M
638,Roy,Heymes,rheymeshp@msu.edu,M
639,Elmo,Botler,ebotlerhq@msu.edu,M
641,Kristian,Colledge,kcolledgehs@amazon.com,M
643,Yehudit,Khalid,ykhalidhu@netlog.com,M
647,Bart,Caccavari,bcaccavarihy@a8.net,M
648,Boycie,Farrer,bfarrerhz@oracle.com,M
650,Germain,Jacmard,gjacmardi1@umn.edu,M
651,Barr,Stouther,bstoutheri2@seattletimes.com,M
652,Darrel,Abramchik,dabramchiki3@buzzfeed.com,M
654,Anatol,Moxham,amoxhami5@hp.com,M
656,Madison,Hearon,mhearoni7@dropbox.com,M
657,Pattie,Kloisner,pkloisneri8@apple.com,M
659,Tobie,Hansford,thansfordia@blogger.com,M
660,Brantley,Pride,bprideib@uol.com.br,M
661,Ewan,Pina,epinaic@loc.gov,M
663,Stinky,Devonside,sdevonsideie@friendfeed.com,M
666,Elroy,Moreno,emorenoih@php.net,M
667,Emerson,Minter,eminterii@cam.ac.uk,M
668,Bartie,Haster,bhasterij@slashdot.org,M
671,Griff,Sauvage,gsauvageim@bluehost.com,M
672,Orren,Simonot,osimonotin@dion.ne.jp,M
674,Odell,Petrakov,opetrakovip@bizjournals.com,M
675,Harman,Gosdin,hgosdiniq@posterous.com,M
678,Silvain,Blagburn,sblagburnit@netvibes.com,M
680,Corty,Verrill,cverrilliv@google.com.hk,M
682,Jonathon,Jodrellec,jjodrellecix@360.cn,M
685,Hagen,Marc,hmarcj0@is.gd,M
686,Milton,Bracci,mbraccij1@shareasale.com,M
693,Nicolas,Perillo,nperilloj8@wordpress.org,M
695,Chauncey,Wulfinger,cwulfingerja@51.la,M
697,Bradford,Kempton,bkemptonjc@bizjournals.com,M
700,Tomas,Cookman,tcookmanjf@histats.com,M
702,Caspar,Scholer,cscholerjh@time.com,M
703,Ulick,Hammor,uhammorji@github.com,M
705,Rees,Orred,rorredjk@gravatar.com,M
706,Osgood,Scorrer,oscorrerjl@themeforest.net,M
708,Ignacio,Ather,iatherjn@tinypic.com,M
709,Mike,Aspinell,maspinelljo@prlog.org,M
711,Alaric,de Juares,adejuaresjq@cnet.com,M
712,Isacco,Bergin,iberginjr@apple.com,M
713,Burke,Pickersail,bpickersailjs@statcounter.com,M
720,Lewie,Hedney,lhedneyjz@patch.com,M
721,Lief,O'Regan,loregank0@parallels.com,M
722,Nicol,Clow,nclowk1@sohu.com,M
723,Toiboid,Schimonek,tschimonekk2@dailymail.co.uk,M
724,Maurie,Huddle,mhuddlek3@ca.gov,M
726,Terri,Addyman,taddymank5@gmpg.org,M
727,Giustino,D'Aubney,gdaubneyk6@ovh.net,M
728,Loydie,Yerby,lyerbyk7@ning.com,M
730,Fran,Picopp,fpicoppk9@imageshack.us,M
732,Blaine,Insko,binskokb@istockphoto.com,M
733,Chrotoem,Hewes,cheweskc@deliciousdays.com,M
735,Den,Bugdall,dbugdallke@usgs.gov,M
736,Zackariah,Thackston,zthackstonkf@google.co.jp,M
737,Tadd,Note,tnotekg@answers.com,M
741,Perren,Leaves,pleaveskk@alexa.com,M
742,Donal,Gisburne,dgisburnekl@sina.com.cn,M
743,Tripp,Dennington,tdenningtonkm@apache.org,M
745,Amby,Knibbs,aknibbsko@diigo.com,M
748,Sascha,By,sbykr@hhs.gov,M
750,Ware,Fulger,wfulgerkt@mediafire.com,M
751,Konrad,Element,kelementku@wiley.com,M
752,Mitchel,Vaulkhard,mvaulkhardkv@economist.com,M
753,Franchot,Vacher,fvacherkw@elpais.com,M
755,Bartholomew,Blunt,bbluntky@barnesandnoble.com,M
756,Trumaine,McKeachie,tmckeachiekz@dagondesign.com,M
757,Eldin,Guterson,egutersonl0@uol.com.br,M
759,Sanson,Galiford,sgalifordl2@apache.org,M
760,Isa,Bendley,ibendleyl3@biblegateway.com,M
761,Osborn,Spencock,ospencockl4@blinklist.com,M
762,Lowe,Crooks,lcrooksl5@census.gov,M
763,Quinton,Wilson,qwilsonl6@symantec.com,M
765,Francois,Caret,fcaretl8@desdev.cn,M
767,Lem,Chmiel,lchmiella@fotki.com,M
768,Cozmo,Bastard,cbastardlb@huffingtonpost.com,M
773,Cece,Favela,cfavelalg@ebay.com,M
774,Haily,Ikins,hikinslh@bloomberg.com,M
775,Wyndham,Iacopetti,wiacopettili@miibeian.gov.cn,M
776,Brand,felip,bfeliplj@shinystat.com,M
777,Douglas,Megson,dmegsonlk@state.tx.us,M
781,Galvan,Lavallie,glavallielo@webeden.co.uk,M
782,Otto,Ismay,oismaylp@ox.ac.uk,M
785,Wyatt,Bottle,wbottlels@webmd.com,M
786,Briano,Dickman,bdickmanlt@a8.net,M
788,Dorey,Camel,dcamellv@ning.com,M
791,Moore,Muirden,mmuirdenly@ask.com,M
792,Garret,Train,gtrainlz@weebly.com,M
796,Casey,Simmig,csimmigm3@irs.gov,M
797,Onfroi,Bachnic,obachnicm4@homestead.com,M
798,Myer,Traynor,mtraynorm5@ning.com,M
799,Lazaro,Yanshin,lyanshinm6@mediafire.com,M
800,Augustus,Clopton,acloptonm7@indiegogo.com,M
801,Martino,Rosenschein,mrosenscheinm8@nydailynews.com,M
804,Tyler,Lynde,tlyndemb@twitter.com,M
805,Harlen,Ecclestone,hecclestonemc@blogtalkradio.com,M
806,Xever,Sex,xsexmd@pbs.org,M
807,Halsey,Churn,hchurnme@blogs.com,M
808,Darrell,Tilmouth,dtilmouthmf@forbes.com,M
810,Grace,Quigg,gquiggmh@amazon.co.uk,M
820,Garrett,Widdison,gwiddisonmr@baidu.com,M
821,Nealy,Woller,nwollerms@sciencedaily.com,M
822,Roi,Nott,rnottmt@trellian.com,M
824,Garwood,Garden,ggardenmv@canalblog.com,M
826,Kain,Heilds,kheildsmx@nih.gov,M
828,Christian,Frankish,cfrankishmz@zdnet.com,M
829,Adlai,Golagley,agolagleyn0@cmu.edu,M
830,Ulises,Plank,uplankn1@cam.ac.uk,M
831,Haslett,Attwood,hattwoodn2@nationalgeographic.com,M
832,Paolo,Whelan,pwhelann3@timesonline.co.uk,M
833,Hayyim,Wycherley,hwycherleyn4@home.pl,M
834,Dalis,Node,dnoden5@hhs.gov,M
836,Dewain,Lambersen,dlambersenn7@dyndns.org,M
839,Dru,Wainwright,dwainwrightna@si.edu,M
840,Waring,Paquet,wpaquetnb@360.cn,M
841,Waylen,Cornwell,wcornwellnc@fda.gov,M
843,Bing,Chastel,bchastelne@php.net,M
845,Bartholemy,Cumpsty,bcumpstyng@tumblr.com,M
848,Rowland,Bangham,rbanghamnj@google.fr,M
849,Lorenzo,Bestman,lbestmannk@hostgator.com,M
850,Brendis,Brunroth,bbrunrothnl@jigsy.com,M
851,Taber,Echalier,techaliernm@amazon.co.jp,M
856,Kane,Oppie,koppienr@boston.com,M
864,Tiler,Hamnett,thamnettnz@networksolutions.com,M
867,Thedrick,Bleackly,tbleacklyo2@statcounter.com,M
869,Tremain,Bentje,tbentjeo4@va.gov,M
872,Royal,Deacock,rdeacocko7@booking.com,M
873,Lowrance,Bellelli,lbellellio8@intel.com,M
874,Ludwig,Fadell,lfadello9@reuters.com,M
878,Jarred,Reijmers,jreijmersod@icq.com,M
879,Normy,Penchen,npenchenoe@state.gov,M
880,Kellen,Ainley,kainleyof@rambler.ru,M
881,Fons,Wyllcocks,fwyllcocksog@bloomberg.com,M
883,Barrie,Pulhoster,bpulhosteroi@wisc.edu,M
885,Humberto,Bechley,hbechleyok@wordpress.org,M
887,Frasier,Wixon,fwixonom@people.com.cn,M
889,Corbet,Lawful,clawfuloo@bluehost.com,M
892,Frasco,Work,fworkor@unc.edu,M
893,Elsworth,Robun,erobunos@psu.edu,M
895,Bail,Caukill,bcaukillou@pagesperso-orange.fr,M
897,Woodrow,Druery,wdrueryow@techcrunch.com,M
899,Allin,Gowans,agowansoy@soup.io,M
900,Cristobal,Caughtry,ccaughtryoz@surveymonkey.com,M
901,Bartel,Parmer,bparmerp0@ehow.com,M
902,Cobby,MacAscaidh,cmacascaidhp1@ocn.ne.jp,M
903,Brice,Stoppe,bstoppep2@wikispaces.com,M
904,Shannon,Vasin,svasinp3@dagondesign.com,M
905,Judah,Kemish,jkemishp4@opensource.org,M
906,Clement,Bartosik,cbartosikp5@youtu.be,M
907,Prentiss,McCromley,pmccromleyp6@1und1.de,M
908,Filberto,Adriano,fadrianop7@chron.com,M
912,Mayer,Gripton,mgriptonpb@reddit.com,M
917,Osbourne,Hackleton,ohackletonpg@boston.com,M
918,Ezra,Robers,erobersph@bing.com,M
920,Stirling,Heare,shearepj@miibeian.gov.cn,M
921,Chandler,Bearn,cbearnpk@apple.com,M
925,Blayne,Stampe,bstampepo@ed.gov,M
931,Ellswerth,Lubomirski,elubomirskipu@cpanel.net,M
935,Chrisse,Seabrooke,cseabrookepy@ucoz.ru,M
937,Ralph,Lavis,rlavisq0@cornell.edu,M
938,Leonerd,Bremmer,lbremmerq1@ucsd.edu,M
939,Martainn,Debill,mdebillq2@devhub.com,M
940,Lowe,Petrichat,lpetrichatq3@princeton.edu,M
941,Sullivan,Letchford,sletchfordq4@list-manage.com,M
945,Avery,Pool,apoolq8@columbia.edu,M
948,Derrik,Elderton,deldertonqb@google.co.jp,M
949,Ali,Elvins,aelvinsqc@soundcloud.com,M
952,Lyon,Garioch,lgariochqf@hexun.com,M
954,Archie,Pedder,apedderqh@microsoft.com,M
957,Tait,Stallard,tstallardqk@slashdot.org,M
958,Davidson,Gummary,dgummaryql@mozilla.org,M
961,Marijn,Hunnybun,mhunnybunqo@dedecms.com,M
964,Tobie,Orpyne,torpyneqr@qq.com,M
965,Lemmie,Vose,lvoseqs@about.com,M
966,Massimo,Norheny,mnorhenyqt@ebay.com,M
967,Jean,Sarsons,jsarsonsqu@techcrunch.com,M
968,Randall,Blancowe,rblancoweqv@pinterest.com,M
970,Pablo,Shippey,pshippeyqx@acquirethisname.com,M
971,Olvan,Dedden,odeddenqy@xrea.com,M
972,Orv,Lanston,olanstonqz@cocolog-nifty.com,M
980,Lazaro,O'Cuddie,locuddier7@umn.edu,M
983,Peadar,Nappin,pnappinra@google.com,M
987,Tobias,Wint,twintre@nydailynews.com,M
988,Erich,Bertome,ebertomerf@hc360.com,M
992,Artus,Andrieu,aandrieurj@trellian.com,M
993,Sigmund,Arnull,sarnullrk@sourceforge.net,M
996,Gordie,Beverage,gbeveragern@jimdo.com,M
997,Erik,Ziems,eziemsro@gmpg.org,M
1000,Fielding,Wanjek,fwanjekrr@census.gov,M
